,TOTAL DEPARTURES,HOURS FLOWN,KILOMETRE FLOWN,PASSENGERS CARRIED,AVAILABLE SEAT KILOMETRE (IN THOUSAND), FREIGHT CARRIED (IN TONNE),MAIL CARRIED (IN TONNE)
2013-01,10552.0,18655.0,10112.0,1408012.0,1820105.0,6465.0,0.0
2013-02,9873.0,17374.0,9439.0,1341210.0,1698930.0,6235.0,0.0
2013-03,11393.0,20093.0,11028.0,1423569.0,1984886.0,6505.0,0.0
2013-04,11426.0,20084.0,11090.0,1511094.0,1996084.0,5903.0,0.0
2013-05,11885.0,20779.0,11533.0,1685168.0,2075882.0,7345.0,0.0
2013-06,11642.0,20525.0,11279.0,1480879.0,2030188.0,8082.0,0.0
2013-07,12205.0,21639.0,11843.0,1445248.0,2131483.0,8351.0,0.0
2013-08,12278.0,21571.0,11884.0,1531406.0,2139007.0,9600.0,0.0
2013-09,12185.0,21281.0,11749.0,1378691.0,2114792.0,8492.0,0.0
2013-10,12780.0,22345.0,12296.0,1510184.0,2213139.0,9111.0,0.0
2013-11,12357.0,21837.0,11904.0,1467763.0,2142765.0,7185.0,0.0
2013-12,12867.0,22783.0,12394.0,1575872.0,2230914.0,7733.0,0.0
2014-01,12813.0,23112.0,12355.0,1426580.0,2223956.0,7686.0,0.0
2014-02,12098.0,21579.0,11590.0,1464070.0,2086217.0,7275.0,0.0
2014-03,13806.0,24417.0,13200.0,1601141.0,2375980.0,8864.0,0.0
2014-04,13777.0,24269.0,13191.0,1679963.0,2374298.0,8329.0,0.0
2014-05,14523.0,26808.0,13940.0,1908334.0,2509029.0,9089.0,619.0
2014-06,14194.0,25997.0,13573.0,1797101.0,2442610.0,9405.0,621.0
2014-07,14724.0,26736.0,14048.0,1599977.0,2528549.0,10213.0,667.0
2014-08,14967.0,26196.0,14224.0,1858664.0,2560405.0,10411.0,684.0
2014-09,14962.0,25972.0,14112.0,1907378.0,2540188.0,10646.0,622.0
2014-10,15425.0,26812.0,14620.0,1890273.0,2631591.0,10098.0,583.0
2014-11,15384.0,26663.0,14614.0,1967992.0,2630430.0,10329.0,748.0
2014-12,15967.0,28123.0,15282.0,2324221.0,2750840.0,10241.0,757.0
2015-01,16280.0,28759.0,15520.0,2276404.0,2793463.0,9801.0,899.0
2015-02,15285.0,27132.0,14591.0,2230645.0,2626290.0,10179.0,946.0
2015-03,17661.0,31408.0,16829.0,2286128.0,3028942.0,9335.0,965.0
2015-04,17508.0,30796.0,16481.0,2481285.0,2966289.0,8391.0,2032.0
2015-05,18477.0,32107.0,17185.0,2769283.0,3093332.0,10696.0,1020.0
2015-06,17808.0,31337.0,16692.0,2536554.0,3004343.0,9775.0,1177.0
2015-07,18471.0,32872.0,17498.0,2416916.0,3148955.0,11303.0,1000.8
2015-08,18510.0,32595.0,17578.0,2384943.0,3163792.0,10670.0,768.0
2015-09,18402.0,32127.0,17415.0,2430449.0,3134197.0,10867.0,695.0
2015-10,19105.0,33699.0,18141.0,2589861.0,3264626.0,11332.0,663.0
2015-11,18710.0,33250.0,17779.0,2597765.0,3197233.0,9927.0,805.9
2015-12,18677.0,33391.0,17819.0,2743325.0,3204462.0,10120.0,803.0
2016-01,19350.0,34713.0,18509.0,2725711.0,3328760.0,10905.0,957.0
2016-02,19056.0,34034.0,18249.0,2754131.0,3281993.0,11417.0,1006.0
2016-03,21267.0,37887.0,20163.0,3023228.0,3626104.0,11670.0,972.0
2016-04,21328.0,37918.0,20351.0,3066556.0,3660008.0,11363.0,872.0
2016-05,22781.0,40740.0,21724.0,3336839.0,3907259.0,12811.0,896.0
2016-06,23025.0,41265.0,22057.0,3023081.0,3967035.0,12476.0,976.0
2016-07,23869.0,42696.0,22722.0,3383768.0,4086542.0,12891.0,1352.0
2016-08,23650.0,42058.0,22491.0,3341081.0,4045142.0,12308.0,1448.0
2016-09,23382.0,41133.0,22200.0,3295826.0,3991989.0,13877.0,1415.0
2016-10,25461.0,44857.0,24279.0,3692828.0,4365398.0,13889.0,1390.0
2016-11,25084.0,44899.0,24072.0,3772583.0,4328764.0,11142.0,1188.0
2016-12,24822.0,44453.0,23687.0,3848322.0,4259237.0,11886.0,1194.0
2017-01,24948.0,45066.0,23817.0,3809228.0,4282923.0,11645.0,1252.0
2017-02,22935.0,41111.0,21770.0,3418605.0,3914438.0,11486.0,1182.0
2017-03,25996.0,46243.0,24490.0,3611371.0,4403676.0,13634.0,1039.0
2017-04,25648.0,45356.0,23844.0,3778780.0,4286527.0,12827.0,950.0
2017-05,27058.0,47853.0,25250.0,4190914.0,4539124.0,14177.0,1028.0
2017-06,25778.0,45507.0,23990.0,3825814.0,4314039.0,13553.0,1076.0
2017-07,25941.0,45614.0,24057.0,3699451.0,4325745.0,14980.0,1264.0
2017-08,25543.0,45101.0,23931.0,3678245.0,4302678.0,15987.0,1190.0
2017-09,25114.0,43929.0,23487.0,3664509.0,4223666.0,16388.0,1264.0
2017-10,27562.0,48634.0,25807.0,4133027.0,4640884.0,15283.5,1053.9
2017-11,26545.0,47091.0,24775.0,4131844.0,4455457.0,14553.0,1269.0
2017-12,28741.0,50864.0,26683.0,4430070.0,4794370.0,14531.0,1536.0
2018-01,30101.0,53161.0,27565.0,4556904.0,4924840.0,13056.0,1667.0
2018-02,27700.0,49290.0,25296.0,4290189.0,4517438.0,11817.2,1449.6
2018-03,30502.0,54229.0,27938.0,4576236.0,4973298.0,13134.8,1490.0
2018-04,29818.0,52951.0,27104.0,4579916.0,4809221.0,10639.2,1347.5
2018-05,32110.0,57307.0,29015.0,4852909.0,5141930.0,12451.1,1418.3
2018-06,31979.0,56937.0,29156.0,4672686.0,5170011.0,12793.1,1607.5
2018-07,33767.0,59675.0,30719.0,5002416.0,5438722.0,14608.7,1745.9
2018-08,34409.0,60803.0,31463.0,4757378.0,5565617.0,13977.0,1856.7
2018-09,35602.0,62408.0,32512.0,4920335.0,5747320.0,14255.1,1695.5
2018-10,37403.0,64970.0,34066.0,5074853.0,6014907.0,14660.5,1754.6
2018-11,36011.0,63706.0,32770.0,5005919.0,5794474.0,11716.4,1805.9
2018-12,37305.0,66565.0,34430.0,5478523.0,6101125.0,12582.1,2099.5
2019-01,37199.0,67118.0,34515.0,5321832.0,6111639.0,13069.6,2078.0
2019-02,33596.0,60392.0,30958.0,4930608.0,5475814.0,14069.6,1811.3
2019-03,38220.0,67719.0,35414.0,5440796.0,6272727.0,18433.9,1942.8
2019-04,37911.0,66485.0,34807.0,5481088.0,6151697.0,18918.9,1557.5
2019-05,39934.0,70246.0,36494.0,5979551.0,6458545.0,20557.9,1610.3
2019-06,38698.0,68381.0,35379.0,5778376.0,6281020.0,19024.6,1548.6
2019-07,39883.0,70629.0,35699.0,5693448.0,6302625.0,20020.0,1730.2
2019-08,39636.0,70725.0,35579.0,5540693.0,6259585.0,20637.4,1499.9
2019-09,39058.0,68815.0,34774.0,5559031.0,6115257.0,21670.8,1291.9
2019-10,41763.0,74079.0,37380.0,5842318.0,6592745.0,22166.4,1303.0
2019-11,40949.0,73478.0,36448.0,6151347.0,6414008.0,19120.1,1540.7
2019-12,42086.0,75301.0,37114.0,6188457.0,6537502.0,21009.4,1661.5
2020-01,42555.0,75909.0,37472.0,6119924.0,6594144.0,22075.6,1785.9
2020-02,41162.0,73172.0,36148.0,5931189.0,6358872.0,21597.0,1666.5
2020-03,32233.0,56567.0,28386.0,3793464.0,4985152.0,15280.6,1175.2333333333333
2020-04,16904.0,29641.0,14929.5,1967859.0,2627068.5,8031.45,683.9666666666667
2020-05,1575.0,2715.0,1473.0,142254.0,268985.0,782.3,192.7
2020-06,10341.0,17810.0,9437.0,1046836.0,1711028.0,7861.0,1410.2
2020-07,13094.0,22744.0,11617.0,1272240.0,2060464.0,10776.5,1797.6
2020-08,15897.0,27875.0,14060.0,1681787.0,2490194.0,11349.1,1959.6
2020-09,21063.0,37320.0,19102.0,2265539.0,3415497.0,13099.1,2296.4
2020-10,24853.0,43915.0,22864.0,2926835.0,4137233.0,15878.0,2522.2
2020-11,26786.0,47268.0,24377.0,3423059.0,4435096.0,15035.6,2287.3
2020-12,31847.0,56528.0,28846.0,3951522.0,5270175.0,15997.5,2878.2
2021-01,34461.0,61465.0,31363.0,4202712.0,5746935.0,16154.9,2151.0
2021-02,32690.0,58239.0,29692.0,4238466.0,5431221.0,16743.8,2101.4
2021-03,36601.0,64873.0,33193.0,4184920.0,6081170.0,19304.1,2101.2
2021-04,31374.0,54525.0,28325.0,3083318.0,5208190.0,17706.9,1732.7
2021-05,14121.0,24389.0,12702.0,1168738.0,2281799.0,12146.5,1224.6
2021-06,16688.0,28631.0,14494.0,1701955.0,2563714.0,13775.2,1491.4
2021-07,26210.0,45409.0,23124.0,2932469.0,4178445.0,17357.8,1862.9
2021-08,30288.0,51610.0,26444.0,3816286.0,4796093.0,18552.0,1940.0
2021-09,32082.0,54745.0,27657.0,3958375.0,4986115.0,18535.2,1881.8
2021-10,36567.0,63408.0,31914.0,4807415.0,5792852.0,20005.5,1640.4
2021-11,41846.0,72563.0,36289.0,5706021.0,6657154.0,17274.2,1660.4
2021-12,44893.0,78309.0,39263.0,6140654.0,7195573.0,19217.1,1803.7
2022-01,32470.0,54563.0,27863.0,3556558.0,5063752.0,16504.9,1795.7
2022-02,27191.0,46105.0,23550.0,3950597.0,4345931.0,16219.0,1640.7
2022-03,41982.0,71009.0,36124.0,5783838.0,6667040.0,18904.6,1830.1
2022-04,43927.0,75080.0,38171.0,5957411.0,7108985.0,18927.4,1991.1
2022-05,45450.0,78684.0,39809.0,6376429.0,7427863.0,21972.9,1742.7
2022-06,44205.0,76159.0,38559.0,5982787.0,7234539.0,22031.5,1764.8
2022-07,43029.0,73669.0,37100.0,5711288.0,6955302.0,22448.2,2056.9
2022-08,43171.0,73509.0,37012.0,5832025.0,6926748.0,20559.1,2167.9
2022-09,42458.0,62801.0,36366.0,5972449.0,6800011.0,21436.3,2141.8
2022-10,45536.0,77994.0,39781.0,6471441.0,7464328.0,19173.9,1847.8
2022-11,43379.0,74633.0,37649.0,6500903.0,7039907.0,18682.5,2030.2
2022-12,46194.0,80043.0,40291.0,6997472.0,7553711.0,18031.8,2099.0
2023-01,47977.0,83764.0,41827.0,6847384.0,7832254.0,16881.7,2043.5
2023-02,44905.0,77936.0,39121.0,6741948.0,7336614.0,17439.3,2086.7
2023-03,50389.0,87296.0,43793.0,7317288.0,8215681.0,20208.4,2310.1
2023-04,48752.0,84232.0,42615.0,7406440.0,8005648.0,19432.8,2102.9
2023-05,50956.0,87917.0,44505.0,8109626.0,8375201.0,24165.1,2102.4
2023-06,49989.0,86217.0,43739.0,7893296.0,8254272.0,23522.6,2383.0
2023-07,52127.0,90528.0,45404.0,7674890.0,8577184.0,24885.8,2585.0
2023-08,53021.0,91324.0,46181.0,7867259.0,8768287.0,23954.0,2608.1
